{
  "scrape_started": "20250817_003252",
  "total_files": 3966,
  "scraper_config": {
    "max_workers": 96,
    "connection_limit": 300,
    "timeout": 6,
    "delay_range": [
      0.02,
      0.08
    ],
    "batch_size": 10
  },
  "scrape_completed": "2025-08-17 00:34:41",
  "scrape_duration_seconds": 108.75853776931763,
  "average_speed_per_second": 36.46610262830204,
  "failed_count": 5,
  "success_rate": 99.87408713170485
}